City_ID,City,Lat,Lng,Max Temp,Humidity,Cloudiness,Wind Speed,Country,Date
0,wailua homesteads,22.0669,-159.378,28.44,74,40,6.69,US,2024-09-15
1,nuuk,64.1835,-51.7216,3.34,100,100,1.03,GL,2024-09-15
2,port-aux-francais,-49.35,70.2167,2.39,74,84,13.63,TF,2024-09-15
3,grytviken,-54.2811,-36.5092,-2.59,75,63,4.25,GS,2024-09-15
4,myanaung,18.2833,95.3167,23.38,95,100,1.45,MM,2024-09-15
5,kasane,-17.8167,25.15,23.46,24,2,2.49,BW,2024-09-15
6,atafu village,-8.5421,-172.5159,27.86,77,21,3.98,TK,2024-09-15
7,papparappatti,12.2167,78.0667,23.78,80,83,1.64,IN,2024-09-15
8,port douglas,-16.4833,145.4667,23.06,84,100,7.13,AU,2024-09-15
9,pacocha,-17.5833,-71.3333,15.81,83,2,2.5,PE,2024-09-15
10,bethel,41.3712,-73.414,24.77,65,0,3.09,US,2024-09-15
11,registro,-24.4875,-47.8436,17.2,97,100,2.21,BR,2024-09-15
12,tocopilla,-22.092,-70.1979,21.22,57,9,5.72,CL,2024-09-15
13,adamstown,-25.066,-130.1015,20.31,80,100,7.09,PN,2024-09-15
14,invercargill,-46.4,168.35,5.57,84,78,3.13,NZ,2024-09-15
15,ushuaia,-54.8,-68.3,4.81,70,20,8.23,AR,2024-09-15
16,iskateley,67.6803,53.1512,14.58,75,96,3.5,RU,2024-09-15
17,waitangi,-43.9535,-176.5597,9.9,97,97,0.89,NZ,2024-09-15
18,utrik,11.2278,169.8474,28.62,75,74,4.86,MH,2024-09-15
19,puerto ayora,-0.7393,-90.3518,22.53,93,76,3.13,EC,2024-09-15
20,tenno,39.9,139.9667,18.83,79,0,2.53,JP,2024-09-15
21,harper,4.375,-7.7169,24.37,86,96,3.72,LR,2024-09-15
22,petropavlovsk-kamchatsky,53.0452,158.6483,6.33,87,75,1.0,RU,2024-09-15
23,puerto natales,-51.7236,-72.4875,7.25,76,75,10.8,CL,2024-09-15
24,klyuchi,52.2667,79.1667,4.18,71,33,6.42,RU,2024-09-15
25,ilulissat,69.2167,-51.1,-1.39,76,99,1.86,GL,2024-09-15
26,blackmans bay,-43.0167,147.3167,8.18,79,64,1.34,AU,2024-09-15
27,miasskoye,55.2784,61.8905,13.49,95,78,3.09,RU,2024-09-15
28,taulaga,-11.0553,-171.0883,27.79,78,79,6.37,AS,2024-09-15
29,kulhudhuffushi,6.6221,73.07,27.72,79,85,5.13,MV,2024-09-15
30,lebu,-37.6167,-73.65,10.33,83,1,6.15,CL,2024-09-15
31,udachny,66.4167,112.4,0.45,91,100,1.91,RU,2024-09-15
32,kendari,-3.945,122.4989,21.08,93,93,1.5,ID,2024-09-15
33,remire-montjoly,4.9167,-52.2667,28.02,78,0,4.12,GF,2024-09-15
34,albany,42.6001,-73.9662,28.23,53,0,1.26,US,2024-09-15
35,yellowknife,62.456,-114.3525,15.31,74,20,5.14,CA,2024-09-15
36,vilyuysk,63.7553,121.6247,-2.24,96,8,1.94,RU,2024-09-15
37,moyynkum,44.2914,72.9469,14.18,35,26,5.04,KZ,2024-09-15
38,anadyr,64.75,177.4833,7.28,81,0,4.0,RU,2024-09-15
39,cill airne,52.05,-9.5167,10.2,90,81,1.07,IE,2024-09-15
40,stanley,54.868,-1.6985,10.1,86,0,1.54,GB,2024-09-15
41,bredasdorp,-34.5322,20.0403,12.62,71,96,2.49,ZA,2024-09-15
42,nanma,36.1817,118.1583,17.17,70,0,1.87,CN,2024-09-15
43,doctor mora,21.1417,-100.3125,23.64,53,99,0.81,MX,2024-09-15
44,ribeira grande,38.5167,-28.7,23.76,68,40,4.12,PT,2024-09-15
45,bilibino,68.0546,166.4372,2.44,99,100,2.76,RU,2024-09-15
46,karad,17.2833,74.2,19.25,97,26,1.92,IN,2024-09-15
47,alesund,62.4723,6.1549,13.75,94,40,1.54,NO,2024-09-15
48,dryden,49.7833,-92.7503,26.16,57,0,6.69,CA,2024-09-15
49,dossor,47.5272,52.9811,21.54,33,95,6.88,KZ,2024-09-15
50,jiagedaqi,50.4167,124.1167,11.61,75,100,1.39,CN,2024-09-15
51,thompson,55.7435,-97.8558,22.09,40,20,6.69,CA,2024-09-15
52,guerrero negro,27.9769,-114.0611,22.65,59,0,7.4,MX,2024-09-15
53,port elizabeth,-33.918,25.5701,15.73,87,0,4.12,ZA,2024-09-15
54,east london,-33.0153,27.9116,17.59,80,96,5.72,ZA,2024-09-15
55,akjoujt,19.6969,-14.4164,35.33,28,98,1.23,MR,2024-09-15
56,baotou,40.6522,109.8222,14.96,90,99,1.85,CN,2024-09-15
57,punta arenas,-53.15,-70.9167,7.06,65,20,8.23,CL,2024-09-15
58,saint-laurent-du-maroni,5.5039,-54.0289,26.52,79,15,2.68,GF,2024-09-15
59,saint-philippe,-21.3585,55.7679,19.6,68,50,5.13,RE,2024-09-15
60,holualoa,19.6228,-155.9522,27.68,66,20,4.12,US,2024-09-15
61,cove,7.221,2.3402,23.27,93,43,2.02,BJ,2024-09-15
62,kalkaman,51.9525,76.0211,6.42,75,5,6.2,KZ,2024-09-15
63,katsuura,35.1333,140.3,27.14,88,98,3.84,JP,2024-09-15
64,port mathurin,-19.6833,63.4167,21.13,66,69,9.7,MU,2024-09-15
65,kolokani,13.5728,-8.0339,23.99,88,99,3.04,ML,2024-09-15
66,machico,32.7,-16.7667,23.35,73,75,1.54,PT,2024-09-15
67,talisay,10.2447,123.8494,25.01,94,75,2.06,PH,2024-09-15
68,alo,6.5486,4.2686,24.66,93,92,3.08,NG,2024-09-15
69,olonkinbyen,70.9221,-8.7187,2.5,96,100,11.12,SJ,2024-09-15
70,peniche,39.3558,-9.3811,19.56,64,0,4.62,PT,2024-09-15
71,kruisfontein,-34.0033,24.7314,13.69,78,44,3.68,ZA,2024-09-15
72,road town,18.4167,-64.6167,31.02,70,20,3.6,VG,2024-09-15
73,avarua,-21.2078,-159.775,25.03,69,20,7.72,CK,2024-09-15
74,guangming,45.3333,122.7833,14.13,70,100,4.04,CN,2024-09-15
75,caernarfon,53.1413,-4.2702,10.89,93,42,0.0,GB,2024-09-15
76,siverek,37.755,39.3167,23.73,64,6,3.11,TR,2024-09-15
77,nemuro,43.3236,145.575,15.2,77,0,5.07,JP,2024-09-15
78,vadso,70.0744,29.7487,6.09,100,0,4.63,NO,2024-09-15
79,newman,37.3138,-121.0208,27.8,37,54,6.71,US,2024-09-15
80,hawaiian paradise park,19.5933,-154.9731,28.74,73,75,4.63,US,2024-09-15
81,dongola,19.1667,30.4833,33.27,20,49,4.4,SD,2024-09-15
82,porto franco,-6.3383,-47.3992,32.14,24,35,1.21,BR,2024-09-15
83,vanimo,-2.6741,141.3028,26.34,89,99,1.86,PG,2024-09-15
84,tiksi,71.6872,128.8694,0.19,84,100,4.18,RU,2024-09-15
85,pratola peligna,42.0983,13.8739,14.16,86,57,0.54,IT,2024-09-15
86,edinburgh of the seven seas,-37.0676,-12.3116,14.68,93,99,11.33,SH,2024-09-15
87,vila franca do campo,37.7167,-25.4333,22.23,76,66,2.25,PT,2024-09-15
88,sitka,57.0531,-135.33,13.94,88,100,4.63,US,2024-09-15
89,kourou,5.1552,-52.6478,26.38,84,19,3.96,GF,2024-09-15
90,severnoye,56.3491,78.3619,1.43,85,6,2.8,RU,2024-09-15
91,tura,25.5198,90.2201,23.84,90,100,2.36,IN,2024-09-15
92,antalaha,-14.9003,50.2788,20.96,70,36,3.45,MG,2024-09-15
93,college,64.8569,-147.8028,10.6,83,100,3.09,US,2024-09-15
94,akureyri,65.6835,-18.0878,1.96,87,0,0.51,IS,2024-09-15
95,banda aceh,5.5577,95.3222,26.73,73,50,6.38,ID,2024-09-15
96,apiai,-24.5094,-48.8425,12.13,99,100,1.93,BR,2024-09-15
97,mukher,18.7,77.3667,22.22,88,70,4.52,IN,2024-09-15
98,aqadyr,48.2553,72.8483,9.72,72,6,3.22,KZ,2024-09-15
99,karratha,-20.7377,116.8463,22.39,21,14,7.44,AU,2024-09-15
100,marquette,46.5333,-87.6335,28.69,58,11,2.24,US,2024-09-15
101,fukuecho,32.6881,128.8419,27.94,88,78,5.07,JP,2024-09-15
102,santo antonio,-6.3106,-35.4789,23.45,73,4,5.84,BR,2024-09-15
103,saipan,15.1355,145.701,28.39,83,100,10.8,MP,2024-09-15
104,enriquillo,17.9,-71.2333,28.59,75,95,3.32,DO,2024-09-15
105,ogori-shimogo,34.1,131.4,29.0,88,7,2.98,JP,2024-09-15
106,tolanaro,-25.0319,46.9987,22.04,83,0,8.23,MG,2024-09-15
107,happy valley-goose bay,53.3168,-60.3315,14.17,67,75,3.09,CA,2024-09-15
108,castillos,-34.1667,-53.8333,8.8,84,0,2.53,UY,2024-09-15
109,ipiales,0.8302,-77.6496,15.43,67,75,4.63,CO,2024-09-15
110,bardai,11.65,7.2333,22.78,86,32,2.55,NG,2024-09-15
111,san antonio de pale,-1.4014,5.6325,24.57,85,69,4.42,GQ,2024-09-15
112,aasiaat,68.7098,-52.8699,-1.01,85,100,2.72,GL,2024-09-15
113,fortuna,40.5982,-124.1573,18.85,73,100,5.14,US,2024-09-15
114,wotho,10.1657,166.0102,28.4,78,100,4.87,MH,2024-09-15
115,dudinka,69.4058,86.1778,5.63,56,100,6.47,RU,2024-09-15
116,nema,57.5067,50.5011,13.14,89,43,1.98,RU,2024-09-15
117,tostado,-29.232,-61.7692,20.26,28,0,3.76,AR,2024-09-15
118,bulanash,57.2783,61.9965,9.06,93,11,1.83,RU,2024-09-15
119,nar'yan-mar,67.6713,53.087,14.59,75,96,3.52,RU,2024-09-15
120,bom jesus dos perdoes,-23.135,-46.4653,17.07,92,60,3.94,BR,2024-09-15
121,praia da vitoria,38.7333,-27.0667,23.14,78,40,3.12,PT,2024-09-15
122,mananara,-16.1667,49.7667,20.4,77,71,2.28,MG,2024-09-15
123,sandnessjoen,66.0217,12.6316,13.06,82,75,3.09,NO,2024-09-15
124,kalmunai,7.4167,81.8167,27.33,79,100,3.81,LK,2024-09-15
125,isafjordur,66.0755,-23.124,2.65,69,17,1.79,IS,2024-09-15
126,slave lake,55.2834,-114.769,16.99,63,0,2.57,CA,2024-09-15
127,lazaro cardenas,17.9583,-102.2,30.06,73,100,3.23,MX,2024-09-15
128,inarajan village,13.2736,144.7484,26.54,94,99,7.5,GU,2024-09-15
129,vila velha,-20.3297,-40.2925,24.97,86,75,4.92,BR,2024-09-15
130,margaret river,-33.95,115.0667,10.63,72,0,5.41,AU,2024-09-15
131,uturoa,-16.7333,-151.4333,25.73,80,8,3.4,PF,2024-09-15
132,barakani,-12.1356,44.4317,24.49,77,22,1.73,KM,2024-09-15
133,betio village,1.358,172.9211,30.02,72,27,4.1,KI,2024-09-15
134,nganjuk,-7.6051,111.9035,23.8,76,91,4.88,ID,2024-09-15
135,tazovsky,67.4667,78.7,4.97,61,76,5.63,RU,2024-09-15
136,kuala belait,4.5833,114.1833,25.25,90,95,2.89,BN,2024-09-15
137,bhavnagar,21.7667,72.15,25.41,77,4,3.74,IN,2024-09-15
138,gulf shores,30.246,-87.7008,26.67,81,20,0.89,US,2024-09-15
139,togur,58.3631,82.8265,4.56,70,96,2.75,RU,2024-09-15
140,whitehorse,60.7161,-135.0538,10.43,82,75,7.72,CA,2024-09-15
141,mutuali,-14.8706,37.0044,23.76,37,0,1.62,MZ,2024-09-15
142,sai buri,6.7013,101.6168,25.62,85,88,3.51,TH,2024-09-15
143,carutapera,-1.195,-46.02,26.0,79,28,5.15,BR,2024-09-15
144,arraial do cabo,-22.9661,-42.0278,22.98,88,40,4.63,BR,2024-09-15
145,pachperwa,27.5167,82.65,26.12,77,98,1.29,IN,2024-09-15
146,lamu,-2.2717,40.902,24.56,79,34,6.7,KE,2024-09-15
147,naze,28.3667,129.4833,27.51,90,98,4.19,JP,2024-09-15
148,ust'-ilimsk,58.0006,102.6619,1.25,99,100,2.46,RU,2024-09-15
149,nyrob,60.733,56.7202,13.68,94,97,1.62,RU,2024-09-15
150,kedrovyy,56.1667,91.8167,-2.35,97,57,0.23,RU,2024-09-15
151,faya-largeau,17.9257,19.1043,35.2,15,6,5.14,TD,2024-09-15
152,flying fish cove,-10.4217,105.6791,24.82,88,75,3.6,CX,2024-09-15
153,burang,30.25,81.1667,4.93,87,48,0.97,CN,2024-09-15
154,kenai,60.5544,-151.2583,13.9,74,0,12.86,US,2024-09-15
155,prince george,53.9166,-122.753,17.69,51,75,4.63,CA,2024-09-15
156,bonanza,14.0289,-84.591,27.57,86,99,0.86,NI,2024-09-15
157,iqaluit,63.7506,-68.5145,3.85,86,100,4.63,CA,2024-09-15
158,hobyo,5.3505,48.5268,24.74,80,20,11.65,SO,2024-09-15
159,fale old settlement,-9.3852,-171.2468,28.0,76,71,3.93,TK,2024-09-15
160,touros,-5.1989,-35.4608,24.89,75,0,7.17,BR,2024-09-15
161,keflavik,64.0049,-22.5624,7.24,57,0,4.63,IS,2024-09-15
162,massena,44.9281,-74.8919,27.99,54,0,2.06,US,2024-09-15
163,la gi,10.6667,107.7833,24.46,94,100,4.21,VN,2024-09-15
164,sydney mines,46.2367,-60.2177,17.88,79,20,5.14,CA,2024-09-15
165,carnarvon,-24.8667,113.6333,19.46,36,0,10.06,AU,2024-09-15
166,sambava,-14.2667,50.1667,20.25,81,6,5.39,MG,2024-09-15
167,kraslava,55.8951,27.168,16.14,50,91,2.68,LV,2024-09-15
168,newnham,-41.3833,147.1333,6.53,87,99,3.09,AU,2024-09-15
169,dourados,-22.2211,-54.8056,17.67,90,100,6.11,BR,2024-09-15
170,lisala,2.15,21.5167,21.0,97,98,0.96,CD,2024-09-15
171,tsiombe,-25.3,45.4833,20.94,75,0,1.04,MG,2024-09-15
172,larisa,39.6372,22.4203,18.94,48,20,0.0,GR,2024-09-15
173,dunedin,-45.8742,170.5036,6.56,93,100,2.24,NZ,2024-09-15
174,bad camberg,50.3,8.2667,13.69,82,63,0.83,DE,2024-09-15
175,bryne,58.7354,5.6477,13.46,93,75,1.54,NO,2024-09-15
176,vilyuchinsk,52.9306,158.4028,8.15,67,92,5.1,RU,2024-09-15
177,dawei,14.0833,98.2,25.49,89,99,1.64,MM,2024-09-15
178,sheridan,44.8333,-106.9173,32.21,13,0,3.09,US,2024-09-15
179,constantia,44.1833,28.65,14.38,94,36,5.25,RO,2024-09-15
180,oranjemund,-28.55,16.4333,11.93,85,0,6.06,NA,2024-09-15
181,okhotsk,59.3833,143.3,7.7,65,33,4.34,RU,2024-09-15
182,slyudyanka,51.6594,103.7061,5.15,96,100,1.77,RU,2024-09-15
183,puerto baquerizo moreno,-0.9,-89.6,24.55,88,75,5.14,EC,2024-09-15
184,kabinda,-6.1333,24.4833,25.43,25,59,1.24,CD,2024-09-15
185,porto velho,-8.7619,-63.9039,32.03,58,20,2.06,BR,2024-09-15
186,bikenibeu village,1.3673,173.1241,29.98,74,40,3.6,KI,2024-09-15
187,port hedland,-20.3167,118.5667,21.03,18,11,4.63,AU,2024-09-15
188,hermanus,-34.4187,19.2345,12.11,72,100,2.42,ZA,2024-09-15
189,mil'kovo,55.6078,37.7956,18.68,46,84,2.34,RU,2024-09-15
190,chonchi,-42.6128,-73.8092,10.62,77,100,1.31,CL,2024-09-15
191,nouadhibou,20.931,-17.0347,21.99,88,1,5.66,MR,2024-09-15
192,badger,64.8,-147.5333,10.55,88,75,3.09,US,2024-09-15
193,puerto armuelles,8.2833,-82.8667,27.83,79,100,3.58,PA,2024-09-15
194,berdychiv,49.8993,28.6024,19.9,30,100,7.41,UA,2024-09-15
195,longyearbyen,78.2186,15.6401,4.91,93,75,2.57,SJ,2024-09-15
196,hagere maryam,5.6333,38.2333,16.17,77,100,1.75,ET,2024-09-15
197,luderitz,-26.6481,15.1594,12.51,78,0,9.62,NA,2024-09-15
198,chibougamau,49.9168,-74.3659,24.79,53,0,4.63,CA,2024-09-15
199,west island,-12.1568,96.8225,25.99,78,40,6.69,CC,2024-09-15
200,fomboni,-12.28,43.7425,25.08,75,1,1.99,KM,2024-09-15
201,jamestown,42.097,-79.2353,24.8,43,0,3.09,US,2024-09-15
202,clearlake,38.9582,-122.6264,24.03,36,16,7.06,US,2024-09-15
203,hasaki,35.7333,140.8333,26.24,87,61,0.95,JP,2024-09-15
204,vorgashor,67.5833,63.95,12.64,98,76,4.14,RU,2024-09-15
205,sovetskaya gavan',48.9723,140.2878,12.34,62,0,2.36,RU,2024-09-15
206,cabo san lucas,22.8909,-109.9124,30.17,73,0,7.2,MX,2024-09-15
207,mandal,25.45,74.5667,22.38,79,7,3.45,IN,2024-09-15
208,qaqortoq,60.7167,-46.0333,4.83,94,100,0.31,GL,2024-09-15
209,vorkuta,67.5,64.0,12.73,98,77,4.16,RU,2024-09-15
210,kaman,27.65,77.2667,26.64,66,2,3.17,IN,2024-09-15
211,livingston,55.9029,-3.5226,10.71,87,0,2.06,GB,2024-09-15
212,hastings,50.8552,0.5729,14.54,35,100,3.27,GB,2024-09-15
213,ruza,55.699,36.1952,14.13,52,76,1.86,RU,2024-09-15
214,murmashi,68.8154,32.8115,11.23,100,75,2.0,RU,2024-09-15
215,micheweni,-4.9667,39.8333,24.12,79,7,4.69,TZ,2024-09-15
216,lospalos,-8.5186,127.0025,20.22,85,73,0.78,TL,2024-09-15
217,georgetown,5.4112,100.3354,25.96,87,40,3.6,MY,2024-09-15
218,kutum,14.2,24.6667,25.55,54,81,3.25,SD,2024-09-15
219,alotau,-10.3069,150.4462,24.63,95,100,1.67,PG,2024-09-15
220,walvis bay,-22.9575,14.5053,11.9,89,5,6.38,NA,2024-09-15
221,ulsteinvik,62.3432,5.8487,13.75,93,100,2.48,NO,2024-09-15
222,kudahuvadhoo,2.6708,72.8944,28.73,72,69,4.86,MV,2024-09-15
223,muravlenko,63.7898,74.523,4.64,55,95,4.03,RU,2024-09-15
224,jiexiu,37.0244,111.9125,18.99,83,30,0.69,CN,2024-09-15
225,olovyannaya,50.95,115.5667,6.84,82,72,6.36,RU,2024-09-15
226,gizo,-8.103,156.8419,27.66,79,88,3.76,SB,2024-09-15
227,acapulco de juarez,16.8634,-99.8901,32.9,66,75,4.12,MX,2024-09-15
228,sao joao da barra,-21.6403,-41.0511,25.05,86,1,2.88,BR,2024-09-15
229,crane,31.3974,-102.3501,31.92,27,0,10.36,US,2024-09-15
230,bodaybo,57.8506,114.1933,7.17,94,100,1.41,RU,2024-09-15
231,prado,-17.3411,-39.2208,24.32,80,0,6.32,BR,2024-09-15
232,la ronge,55.1001,-105.2842,15.14,82,75,2.06,CA,2024-09-15
233,kuytun,54.3419,101.5036,-0.14,86,50,3.23,RU,2024-09-15
234,fortaleza,-3.7227,-38.5247,28.93,84,0,6.69,BR,2024-09-15
235,mata-utu,-13.2816,-176.1745,27.15,79,45,4.13,WF,2024-09-15
236,san clemente,33.427,-117.612,25.27,73,64,2.68,US,2024-09-15
237,papao,-17.75,-149.55,27.82,83,36,2.56,PF,2024-09-15
238,centerville,39.6284,-84.1594,31.62,25,0,5.66,US,2024-09-15
239,buala,-8.145,159.5921,27.9,77,23,2.9,SB,2024-09-15
240,longido,-2.7333,36.6833,18.35,56,62,4.34,TZ,2024-09-15
241,kapuskasing,49.4169,-82.4331,28.05,47,75,8.23,CA,2024-09-15
242,arraias,-12.9288,-46.9437,27.59,21,0,0.6,BR,2024-09-15
243,cartagena,10.3997,-75.5144,31.79,74,20,1.54,CO,2024-09-15
244,codrington,-38.2667,141.9667,10.39,69,100,6.28,AU,2024-09-15
245,sarangani,5.4033,125.4636,28.47,74,100,6.44,PH,2024-09-15
246,broome,42.2506,-75.833,24.8,67,73,0.21,US,2024-09-15
247,hadibu,12.65,54.0333,24.96,81,63,7.18,YE,2024-09-15
248,lashkar gah,31.5938,64.3716,24.72,20,46,3.2,AF,2024-09-15
249,brookings,44.3114,-96.7984,30.0,51,0,7.2,US,2024-09-15
250,kununurra,-15.7667,128.7333,17.99,72,75,0.0,AU,2024-09-15
251,papatowai,-46.5619,169.4708,5.86,79,93,2.48,NZ,2024-09-15
252,timbuktu,16.7735,-3.0074,27.88,60,74,10.31,ML,2024-09-15
253,kormilovka,55.0026,74.1028,4.36,75,2,3.37,RU,2024-09-15
254,rehoboth,-23.3167,17.0833,17.04,9,90,1.6,NA,2024-09-15
255,qamdo,31.1667,97.2333,5.43,85,69,1.04,CN,2024-09-15
256,enewetak,11.3474,162.3373,28.65,79,88,6.45,MH,2024-09-15
257,minas de marcona,-15.2119,-75.1103,13.95,70,3,6.77,PE,2024-09-15
258,trairi,-3.2778,-39.2689,25.44,78,4,6.19,BR,2024-09-15
259,chernyshevskiy,63.0128,112.4714,-2.91,87,9,1.92,RU,2024-09-15
260,carterville,37.7601,-89.0773,29.05,57,75,4.12,US,2024-09-15
261,kiffa,16.6166,-11.4045,34.39,42,82,1.22,MR,2024-09-15
262,guapi,2.5708,-77.8854,27.44,81,70,3.08,CO,2024-09-15
263,naracoorte,-36.9579,140.7383,6.54,83,31,1.86,AU,2024-09-15
264,hermiston,45.8404,-119.2895,24.14,42,100,1.54,US,2024-09-15
265,sisimiut,66.9395,-53.6735,3.34,87,97,3.87,GL,2024-09-15
266,dakoro,14.5106,6.765,31.45,51,2,4.39,NE,2024-09-15
267,knyaze-volkonskoye,48.4642,135.4567,8.19,85,49,3.72,RU,2024-09-15
268,da nang,16.0678,108.2208,25.99,89,20,0.0,VN,2024-09-15
269,oliveira dos brejinhos,-12.3169,-42.8961,27.39,30,0,3.05,BR,2024-09-15
270,lupane,-18.9315,27.807,21.07,25,0,2.95,ZW,2024-09-15
271,kingston,17.997,-76.7936,32.31,74,20,8.75,JM,2024-09-15
272,geraldton,-28.7667,114.6,13.23,50,0,8.23,AU,2024-09-15
273,vieste,41.8825,16.175,19.24,66,100,6.26,IT,2024-09-15
274,tarawa,1.419,172.984,30.05,74,40,3.6,KI,2024-09-15
275,kapa'a,22.0752,-159.319,29.18,70,40,6.69,US,2024-09-15
276,hamilton,39.1834,-84.5333,32.55,27,0,6.69,US,2024-09-15
277,kiunga,-6.1219,141.2906,23.18,100,100,0.6,PG,2024-09-15
278,lethem,3.3803,-59.7968,29.76,61,100,1.99,GY,2024-09-15
279,puerto deseado,-47.7503,-65.8938,12.17,36,100,10.68,AR,2024-09-15
280,tromso,69.6496,18.957,9.01,76,0,0.0,NO,2024-09-15
281,butte,39.6499,-121.5677,25.01,39,0,6.69,US,2024-09-15
282,demyansk,57.643,32.466,15.63,55,19,2.68,RU,2024-09-15
283,chivilcoy,-34.8957,-60.0167,14.53,56,89,3.65,AR,2024-09-15
284,abocho,7.5677,6.9863,22.09,97,32,1.82,NG,2024-09-15
285,boajibu,8.1833,-11.3333,22.5,100,100,0.79,SL,2024-09-15
286,hengchun,22.0042,120.7439,27.53,76,99,2.73,TW,2024-09-15
287,safford,32.834,-109.7076,34.51,26,0,4.12,US,2024-09-15
288,zaterechnyy,44.7931,45.2097,16.08,68,0,5.08,RU,2024-09-15
289,acarau,-2.8856,-40.12,25.45,81,3,8.3,BR,2024-09-15
290,al jawf,29.5,38.75,24.98,44,0,4.97,SA,2024-09-15
291,ketchikan,55.3422,-131.6461,12.65,94,100,6.17,US,2024-09-15
292,leua,48.2156,18.6071,9.82,94,86,2.48,SK,2024-09-15
293,lambarene,-0.7001,10.2406,24.59,90,58,1.72,GA,2024-09-15
294,gadzhiyevo,69.2551,33.3362,9.31,97,100,3.37,RU,2024-09-15
295,verkhniy baskunchak,48.2256,46.7217,17.56,40,1,3.85,RU,2024-09-15
296,stovring,56.8854,9.8384,14.34,84,100,2.62,DK,2024-09-15
297,laguna,38.421,-121.4238,25.59,48,52,1.34,US,2024-09-15
298,luchegorsk,46.4764,134.2569,9.36,88,75,0.51,RU,2024-09-15
299,lubango,-14.9172,13.4925,18.71,50,11,1.09,AO,2024-09-15
300,porto novo,6.4965,2.6036,25.9,92,33,3.3,BJ,2024-09-15
301,hirara,24.8,125.2833,28.15,94,75,4.63,JP,2024-09-15
302,mwene-ditu,-7.0,23.45,26.72,24,16,1.55,CD,2024-09-15
303,labytnangi,66.6572,66.4183,12.72,94,61,3.19,RU,2024-09-15
304,kill devil hills,36.0307,-75.676,24.43,82,75,7.72,US,2024-09-15
305,bilajer,40.5681,50.0378,14.9,82,0,2.06,AZ,2024-09-15
306,bada,51.392,109.8717,4.8,97,77,1.77,RU,2024-09-15
307,punata,-17.55,-65.8333,15.79,62,53,4.16,BO,2024-09-15
308,kirovskaya,46.9748,40.0402,20.03,33,0,7.56,RU,2024-09-15
309,rundu,-17.9333,19.7667,24.77,21,58,1.45,NA,2024-09-15
310,belmonte,-15.8631,-38.8828,22.99,84,0,3.5,BR,2024-09-15
311,hempstead,40.7062,-73.6187,24.5,61,20,7.72,US,2024-09-15
312,colonia,50.9333,6.95,16.64,84,100,1.03,DE,2024-09-15
313,waingapu,-9.6567,120.2641,23.28,79,58,1.57,ID,2024-09-15
314,lompoc,34.6391,-120.4579,20.85,70,20,4.63,US,2024-09-15
315,santa marta,11.2408,-74.199,35.03,59,20,2.06,CO,2024-09-15
316,mount isa,-20.7333,139.5,21.87,30,0,4.12,AU,2024-09-15
317,port lincoln,-34.7333,135.8667,11.21,70,14,5.42,AU,2024-09-15
318,susuman,62.7833,148.1667,0.22,79,100,1.51,RU,2024-09-15
319,port alfred,-33.5906,26.891,13.43,95,3,0.45,ZA,2024-09-15
320,iowa city,41.6611,-91.5302,30.08,55,0,3.6,US,2024-09-15
321,lerwick,60.1545,-1.1494,10.83,92,42,5.55,GB,2024-09-15
322,george town,5.4112,100.3354,25.96,87,40,3.6,MY,2024-09-15
323,pariaman,-0.619,100.12,23.03,87,81,2.06,ID,2024-09-15
324,selfoss,63.9331,-20.9971,3.36,66,67,3.61,IS,2024-09-15
325,olinda,-8.0089,-34.8553,25.85,73,75,6.69,BR,2024-09-15
326,vernon,50.2581,-119.2691,20.74,33,0,1.54,CA,2024-09-15
327,st. john's,47.5649,-52.7093,11.55,75,75,7.2,CA,2024-09-15
328,island harbour,50.724,-1.2758,14.45,66,98,0.45,GB,2024-09-15
329,shakawe,-18.3667,21.85,24.8,20,16,2.6,BW,2024-09-15
330,beaudesert,-27.9833,152.9833,14.4,57,0,2.93,AU,2024-09-15
331,awjilah,29.1081,21.2869,25.03,53,19,6.77,LY,2024-09-15
332,egersund,58.4513,5.9997,14.02,89,100,2.53,NO,2024-09-15
333,siwa oasis,29.2041,25.5195,28.32,48,2,5.98,EG,2024-09-15
334,hami,42.8,93.45,15.94,25,23,1.2,CN,2024-09-15
335,kepsut,39.6889,28.1522,16.08,50,0,1.23,TR,2024-09-15
336,igrim,63.1906,64.4162,10.17,78,5,2.65,RU,2024-09-15
337,laguna larga,-31.7765,-63.801,19.81,23,0,3.71,AR,2024-09-15
338,mejit,10.2753,170.8646,27.82,79,99,4.82,MH,2024-09-15
339,havre,49.5833,0.3333,14.87,72,0,3.6,FR,2024-09-15
340,galliano,29.4422,-90.2992,28.0,78,75,0.0,US,2024-09-15
341,hovd,48.0056,91.6419,6.73,38,0,3.15,MN,2024-09-15
342,jersey village,29.8877,-95.563,35.64,48,0,2.57,US,2024-09-15
343,zheshart,62.0731,49.5733,15.2,87,98,1.02,RU,2024-09-15
344,nikolayevsk-on-amure,53.1406,140.73,10.51,66,9,1.28,RU,2024-09-15
345,pizhou,34.3114,117.9503,18.23,74,4,3.26,CN,2024-09-15
346,santa rita,-7.1139,-34.9781,25.37,78,0,5.14,BR,2024-09-15
347,laojunmiao,39.8333,97.7333,11.82,76,18,2.89,CN,2024-09-15
348,longonjo,-12.9067,15.2533,21.34,61,57,1.74,AO,2024-09-15
349,santa ana hueytlalpan,20.1833,-98.3,19.71,86,100,2.32,MX,2024-09-15
350,an nuhud,12.7,28.4333,27.39,63,100,5.11,SD,2024-09-15
351,kavieng,-2.5744,150.7967,28.4,73,92,2.45,PG,2024-09-15
352,hirtshals,57.5881,9.9592,14.21,80,100,5.12,DK,2024-09-15
353,moussoro,13.6408,16.4901,29.47,61,78,7.85,TD,2024-09-15
354,san luis de la loma,17.2706,-100.8939,29.98,72,91,2.79,MX,2024-09-15
355,patterson,37.4716,-121.1297,29.41,36,51,2.89,US,2024-09-15
356,preobrazheniye,42.9019,133.9064,14.15,64,76,1.8,RU,2024-09-15
357,saint-jean-de-monts,46.7833,-2.0667,14.67,65,72,4.61,FR,2024-09-15
358,loikaw,19.6742,97.2094,18.77,96,100,1.25,MM,2024-09-15
359,mingyue,43.1069,128.9217,10.37,84,100,1.24,CN,2024-09-15
360,mandalgovi,45.7625,106.2708,5.77,68,0,1.9,MN,2024-09-15
361,labrador city,52.9463,-66.9114,23.99,51,75,6.69,CA,2024-09-15
362,calolbon,13.596,124.0991,27.47,82,100,3.2,PH,2024-09-15
363,murghob,38.1702,73.9667,4.18,43,47,1.72,TJ,2024-09-15
364,pemangkat,1.1667,108.9667,25.63,85,82,4.48,ID,2024-09-15
365,bridlington,54.0831,-0.1919,12.96,87,13,1.79,GB,2024-09-15
366,khandyga,62.6667,135.6,0.89,81,77,1.27,RU,2024-09-15
367,yigo village,13.5361,144.8886,25.62,92,40,4.63,GU,2024-09-15
368,breves,-1.6822,-50.4803,30.99,43,99,1.8,BR,2024-09-15
369,kajaani,64.2273,27.7285,8.03,100,20,3.6,FI,2024-09-15
370,talacogon,8.4167,125.8,23.15,92,100,0.11,PH,2024-09-15
371,urumqi,43.801,87.6005,10.53,62,0,2.0,CN,2024-09-15
372,chhala,23.3,72.7667,25.78,80,23,2.25,IN,2024-09-15
373,mindelheim,48.05,10.4833,9.58,85,100,1.54,DE,2024-09-15
374,mhamid,29.82,-5.72,32.48,22,0,3.2,MA,2024-09-15
375,kattivakkam,13.2167,80.3167,30.64,77,100,2.56,IN,2024-09-15
376,bondo,3.8146,23.6866,20.41,99,100,0.54,CD,2024-09-15
377,piti village,13.4626,144.6933,26.49,93,75,3.09,GU,2024-09-15
378,dahab,28.501,34.5134,28.81,51,0,5.34,EG,2024-09-15
379,sierra grande,-41.606,-65.3557,15.37,17,23,2.33,AR,2024-09-15
380,mili,6.0815,171.735,26.61,82,85,2.67,MH,2024-09-15
381,mahdia,35.5047,11.0622,22.0,54,0,4.85,TN,2024-09-15
382,jiwani,25.05,61.7417,26.42,83,18,2.4,PK,2024-09-15
383,grand island,40.925,-98.342,31.97,50,0,5.66,US,2024-09-15
384,caconda,-13.7333,15.0667,20.62,59,92,2.9,AO,2024-09-15
385,malango,-2.9627,119.9001,16.57,98,74,1.16,ID,2024-09-15
386,pisco,-13.7,-76.2167,19.03,68,0,3.09,PE,2024-09-15
387,nova sintra,14.8667,-24.7167,26.3,77,91,3.88,CV,2024-09-15
388,konarka,19.9,86.1167,27.89,75,100,7.19,IN,2024-09-15
389,taraz,42.9,71.3667,11.23,54,23,4.0,KZ,2024-09-15
390,mount gambier,-37.8333,140.7667,9.54,70,95,3.43,AU,2024-09-15
391,de queen,34.0379,-94.3413,28.88,58,75,3.6,US,2024-09-15
392,greater sudbury,46.49,-80.99,27.54,47,79,1.34,CA,2024-09-15
393,shenjiamen,29.9576,122.298,25.37,94,100,14.78,CN,2024-09-15
394,giado,31.9582,12.0203,21.27,68,0,4.22,LY,2024-09-15
395,ola,59.5833,151.2833,7.3,68,69,3.58,RU,2024-09-15
396,warner robins,32.621,-83.5999,24.53,90,0,3.6,US,2024-09-15
397,clewiston,26.7542,-80.9337,31.64,61,97,2.19,US,2024-09-15
398,zunyi,27.6867,106.9072,20.99,90,100,1.74,CN,2024-09-15
399,noumea,-22.2763,166.4572,20.24,62,100,3.21,NC,2024-09-15
400,cannonvale,-20.2833,148.7,21.66,66,71,8.14,AU,2024-09-15
401,boguchany,58.3814,97.4531,0.88,98,99,2.19,RU,2024-09-15
402,changyon,38.2508,125.0961,20.19,87,43,2.37,KP,2024-09-15
403,villa gesell,-37.2639,-56.973,11.61,67,52,4.65,AR,2024-09-15
404,dubovskoye,47.4092,42.7575,18.3,37,0,4.06,RU,2024-09-15
405,greymouth,-42.4667,171.2,10.02,66,87,1.77,NZ,2024-09-15
406,am timan,11.0297,20.2827,21.35,97,100,0.45,TD,2024-09-15
407,saint-joseph,-21.3667,55.6167,17.21,67,46,4.17,RE,2024-09-15
408,kerikeri,-35.2268,173.9474,15.51,78,100,2.24,NZ,2024-09-15
409,kone,-21.0595,164.8658,21.39,67,99,3.25,NC,2024-09-15
410,severobaykal'sk,55.65,109.3167,2.92,77,21,3.13,RU,2024-09-15
411,mirnyy,62.5353,113.9611,-2.45,85,37,2.88,RU,2024-09-15
412,ugoofaaru,5.6667,73.0,28.08,76,82,4.77,MV,2024-09-15
413,dwarka,22.2394,68.9678,26.75,78,17,5.6,IN,2024-09-15
414,san julian,21.0167,-102.1667,24.41,57,97,3.41,MX,2024-09-15
415,puerto santa,-8.9906,-78.6456,17.5,81,2,4.64,PE,2024-09-15
416,ponta delgada,37.7333,-25.6667,22.4,73,75,3.6,PT,2024-09-15
417,masuguru,-11.3667,38.4167,23.61,67,4,3.11,TZ,2024-09-15
418,shimoda,34.6667,138.95,27.02,84,63,1.82,JP,2024-09-15
419,conception bay south,47.4999,-52.9981,11.91,76,71,8.41,CA,2024-09-15
420,salmon arm,50.6998,-119.3024,22.95,42,21,1.54,CA,2024-09-15
421,katsuren-haebaru,26.3369,127.8719,29.49,86,40,5.14,JP,2024-09-15
422,gangtok,27.3333,88.6167,18.56,94,67,0.94,IN,2024-09-15
423,mlyniv,50.509,25.6168,14.54,78,100,4.47,UA,2024-09-15
424,sittwe,20.15,92.9,26.55,86,100,5.14,MM,2024-09-15
425,mikun',62.3547,50.0771,14.73,89,98,1.03,RU,2024-09-15
426,mo i rana,66.3128,14.1428,10.74,84,20,0.0,NO,2024-09-15
427,vidyayevo,69.3191,32.8049,8.57,98,100,4.72,RU,2024-09-15
428,puerto cabezas,14.0351,-83.3888,31.98,74,40,3.09,NI,2024-09-15
429,cooma,-36.2333,149.1333,2.52,42,33,0.6,AU,2024-09-15
430,quepos,9.4236,-84.1652,28.0,81,88,0.94,CR,2024-09-15
431,opuwo,-18.0607,13.84,21.62,24,58,2.84,NA,2024-09-15
432,badagry,6.4167,2.8833,24.62,94,45,3.98,NG,2024-09-15
433,spring creek,40.7266,-115.5859,25.83,22,74,2.68,US,2024-09-15
434,oyama,36.3,139.8,25.82,87,82,2.43,JP,2024-09-15
435,manacapuru,-3.2997,-60.6206,32.88,43,7,1.16,BR,2024-09-15
436,sarkand,45.41,79.9186,11.65,36,10,1.96,KZ,2024-09-15
437,la passe,45.5549,-0.8967,14.24,54,67,4.35,FR,2024-09-15
438,rabaul,-4.1967,152.1721,26.47,82,98,2.22,PG,2024-09-15
439,ancud,-41.8697,-73.8203,8.7,79,33,2.91,CL,2024-09-15
440,greenville,35.6127,-77.3663,24.97,90,100,6.17,US,2024-09-15
441,ust-nera,64.5667,143.2,1.89,78,100,2.38,RU,2024-09-15
442,westerland,54.9079,8.3033,14.01,88,75,2.57,DE,2024-09-15
443,coquimbo,-29.9533,-71.3436,13.85,88,20,5.66,CL,2024-09-15
444,luena,-11.7833,19.9167,20.36,21,1,0.38,AO,2024-09-15
445,umluj,25.0213,37.2685,29.8,70,0,3.8,SA,2024-09-15
446,ta`u,-14.2336,-169.5144,26.39,81,62,6.18,AS,2024-09-15
447,binzhou,37.3667,118.0167,16.01,65,0,2.15,CN,2024-09-15
448,zeya,53.75,127.2667,11.22,59,100,3.51,RU,2024-09-15
449,genhe,50.7833,121.5167,10.78,74,100,1.04,CN,2024-09-15
450,kodiak,57.79,-152.4072,15.73,44,75,4.63,US,2024-09-15
451,martuk,50.7475,56.5056,18.04,45,74,6.5,KZ,2024-09-15
452,marat,25.0701,45.4615,29.36,20,3,4.04,SA,2024-09-15
453,usinsk,65.9939,57.5281,13.53,93,70,4.46,RU,2024-09-15
454,khromtau,50.2503,58.4347,14.71,57,99,5.84,KZ,2024-09-15
455,al wajh,26.2455,36.4525,29.97,66,0,4.12,SA,2024-09-15
456,nuku'alofa,-21.1333,-175.2,26.19,89,40,5.66,TO,2024-09-15
457,quzhou,28.9594,118.8686,26.07,86,100,0.48,CN,2024-09-15
458,kerema,-7.9631,145.7785,24.5,91,100,3.5,PG,2024-09-15
459,dalandzadgad,43.5708,104.425,11.3,57,22,0.49,MN,2024-09-15
460,saldanha,-33.0117,17.9442,13.03,84,98,7.69,ZA,2024-09-15
461,bonthe,7.5264,-12.505,23.95,92,100,2.42,SL,2024-09-15
462,north branch,45.5113,-92.9802,30.03,65,68,0.45,US,2024-09-15
463,san ignacio,17.1561,-89.0714,35.08,55,40,0.0,BZ,2024-09-15
464,topolobampo,25.6,-109.05,26.61,83,100,3.25,MX,2024-09-15
465,tanout,14.9709,8.8879,32.03,43,86,5.32,NE,2024-09-15
466,xai-xai,-25.0519,33.6442,21.16,92,5,2.56,MZ,2024-09-15
467,talnakh,69.4865,88.3972,4.35,69,100,3.83,RU,2024-09-15
468,puerto salgar,5.463,-74.6544,33.41,52,7,3.37,CO,2024-09-15
469,tadine,-21.55,167.8833,22.03,57,100,4.49,NC,2024-09-15
470,zalingei,12.9096,23.4741,20.86,86,87,0.61,SD,2024-09-15
471,taltal,-25.4,-70.4833,19.28,58,26,2.18,CL,2024-09-15
472,zheleznodorozhnyy,55.7503,38.0042,17.27,49,66,1.99,RU,2024-09-15
473,bembibre,42.6177,-6.4155,15.95,29,5,1.91,ES,2024-09-15
474,sur,22.5667,59.5289,28.26,61,0,5.28,OM,2024-09-15
475,ar ruways,24.1103,52.7306,31.93,57,0,3.63,AE,2024-09-15
476,hudiksvall,61.729,17.1036,9.02,72,9,2.0,SE,2024-09-15
477,tralee,52.2704,-9.7026,9.82,92,79,1.36,IE,2024-09-15
478,ohara,35.25,140.3833,26.76,89,92,3.62,JP,2024-09-15
479,ust-tsilma,65.441,52.1498,14.67,88,93,1.72,RU,2024-09-15
480,lata,40.1629,-8.3327,16.18,35,0,1.82,PT,2024-09-15
481,lyantonde,-0.4031,31.1572,19.66,46,84,0.83,UG,2024-09-15
482,thal,35.4791,72.2439,8.99,75,4,2.1,PK,2024-09-15
483,sinabang,2.4803,96.3801,25.37,83,99,1.21,ID,2024-09-15
484,noosa heads,-26.3833,153.15,17.72,65,55,9.7,AU,2024-09-15
485,fenyi,27.8112,114.6681,23.85,97,68,1.05,CN,2024-09-15
486,weno,7.4515,151.8468,26.97,89,75,0.0,FM,2024-09-15
487,fort mcmurray,56.7268,-111.381,16.77,63,100,2.06,CA,2024-09-15
488,daru,-9.0763,143.2092,25.16,89,100,7.68,PG,2024-09-15
489,lihue,21.9789,-159.3672,28.77,67,40,6.69,US,2024-09-15
490,tofol,5.3248,163.0078,28.16,71,100,3.05,FM,2024-09-15
491,pimentel,-6.8367,-79.9342,20.16,68,0,9.26,PE,2024-09-15
492,terrace,54.5163,-128.6035,15.95,72,100,3.6,CA,2024-09-15
493,medicine hat,50.0501,-110.6683,20.68,47,75,2.57,CA,2024-09-15
494,la'ie,21.6477,-157.9253,28.95,72,16,3.58,US,2024-09-15
495,katabu,-4.9333,122.5167,21.39,92,50,1.09,ID,2024-09-15
496,dombarovskiy,50.7587,59.5386,14.14,69,19,5.29,RU,2024-09-15
497,mugia,43.1041,-9.2179,16.62,70,47,9.42,ES,2024-09-15
498,salinopolis,-0.6136,-47.3561,26.73,80,73,6.32,BR,2024-09-15
499,alpena,45.0617,-83.4327,25.18,65,0,5.14,US,2024-09-15
500,vylkove,45.4021,29.586,15.66,93,100,4.36,UA,2024-09-15
501,afaahiti,-17.75,-149.2833,24.06,80,15,1.91,PF,2024-09-15
502,suva,-18.1416,178.4415,25.71,83,75,1.03,FJ,2024-09-15
503,butterworth,5.3991,100.3638,26.02,88,40,3.6,MY,2024-09-15
504,saint-pierre,-21.3393,55.4781,17.82,68,0,2.57,RE,2024-09-15
505,marlborough,-41.6667,173.5,8.36,73,100,1.24,NZ,2024-09-15
506,lieksa,63.3167,30.0167,10.74,89,91,4.45,FI,2024-09-15
507,loa janan,-0.583,117.095,22.34,93,95,1.29,ID,2024-09-15
508,isla mujeres,21.2311,-86.731,31.76,72,65,4.59,MX,2024-09-15
509,alaghsas,17.0187,8.0168,30.46,42,88,7.32,NE,2024-09-15
510,el fasher,13.6279,25.3494,26.89,56,62,5.1,SD,2024-09-15
511,harstad,68.799,16.5293,12.56,51,100,5.81,NO,2024-09-15
512,porto de moz,-1.7483,-52.2383,29.98,49,99,1.12,BR,2024-09-15
513,tecumseh,42.0039,-83.9449,28.73,45,0,1.79,US,2024-09-15
514,antsiranana,-12.2787,49.2917,22.01,72,8,8.6,MG,2024-09-15
515,brisas de zicatela,15.8369,-97.0419,29.75,75,100,2.71,MX,2024-09-15
516,ibiza,38.9088,1.433,20.52,73,0,1.54,ES,2024-09-15
517,tshabong,-26.05,22.45,15.39,17,100,4.64,BW,2024-09-15
518,virginia,37.5481,-77.4467,26.17,61,0,4.12,US,2024-09-15
519,beitbridge,-22.2167,30.0,25.44,25,2,3.62,ZW,2024-09-15
520,spring hill,28.4769,-82.5255,30.05,82,100,2.24,US,2024-09-15
521,mizdah,31.4451,12.9801,22.0,66,0,7.09,LY,2024-09-15
522,ban sam chuk,14.7333,100.1,25.85,77,100,2.43,TH,2024-09-15
523,port shepstone,-30.7414,30.455,18.61,85,63,0.67,ZA,2024-09-15
524,lagos,6.5833,3.75,24.46,92,85,2.63,NG,2024-09-15
525,rongelap,11.1635,166.8941,28.62,79,87,7.32,MH,2024-09-15
526,queenstown,-31.8976,26.8753,13.17,80,79,2.97,ZA,2024-09-15
527,baukau,51.5526,7.2042,15.36,84,100,1.59,DE,2024-09-15
528,malvan,16.0667,73.4667,25.98,78,100,2.52,IN,2024-09-15
529,sao jose da coroa grande,-8.8978,-35.1478,24.1,79,3,5.07,BR,2024-09-15
530,caleta de carquin,-11.0925,-77.6267,17.84,77,12,5.16,PE,2024-09-15
531,kaiapoi,-43.3783,172.6401,9.19,89,75,6.17,NZ,2024-09-15
532,sandpoint,48.2766,-116.5533,21.46,59,0,3.09,US,2024-09-15
533,kenora,49.8167,-94.4337,25.54,69,75,5.66,CA,2024-09-15
534,kavaratti,10.5669,72.642,26.46,86,75,4.59,IN,2024-09-15
535,huitel,20.1639,-99.2733,23.97,60,79,2.36,MX,2024-09-15
536,pathein,16.7833,94.7333,24.64,94,100,2.0,MM,2024-09-15
537,taoudenni,22.6783,-3.9836,37.95,17,40,0.4,ML,2024-09-15
538,ilmenau,50.6833,10.9,11.42,80,100,1.85,DE,2024-09-15
539,westport,41.1415,-73.3579,23.87,59,0,4.12,US,2024-09-15
540,huanggang,23.677,116.9996,24.94,92,91,1.01,CN,2024-09-15
541,arkhangel'sk,64.5401,40.5433,16.06,72,40,2.0,RU,2024-09-15
542,thohoyandou,-22.9456,30.485,22.59,31,25,0.27,ZA,2024-09-15
543,vetluga,57.8557,45.781,14.41,65,92,1.18,RU,2024-09-15
544,odienne,9.51,-7.5692,21.9,98,100,2.15,CI,2024-09-15
545,cortez,37.3489,-108.5859,28.42,18,20,7.2,US,2024-09-15
546,boden,65.8252,21.6886,6.51,71,13,0.82,SE,2024-09-15
547,itaituba,-4.2761,-55.9836,35.09,49,4,2.57,BR,2024-09-15
548,salahonda,2.1019,-78.7217,26.48,82,29,6.37,CO,2024-09-15
549,mangrol,21.1167,70.1167,26.31,78,18,2.88,IN,2024-09-15
550,tobati,-25.25,-57.0667,21.49,71,85,1.89,PY,2024-09-15
551,murzuq,25.9155,13.9184,31.02,35,0,4.0,LY,2024-09-15
552,northam,51.0333,-4.2167,15.34,97,100,3.33,GB,2024-09-15
553,juneau,58.3019,-134.4197,11.34,95,100,11.32,US,2024-09-15
554,plettenberg bay,-34.0527,23.3716,14.53,81,69,2.5,ZA,2024-09-15
555,berezovyy,51.6667,135.7,9.93,66,29,2.14,RU,2024-09-15
556,taroa,8.7058,171.2275,26.67,84,92,4.8,MH,2024-09-15
557,gundlupet,11.8,76.6833,19.05,93,54,1.81,IN,2024-09-15
558,fort st. john,56.2499,-120.8529,16.94,48,75,6.17,CA,2024-09-15
559,bereznik,62.8551,42.7072,14.3,75,99,2.17,RU,2024-09-15
560,bandar,2.05,99.75,21.64,93,100,1.28,ID,2024-09-15
561,kharp,66.8014,65.8081,13.66,91,54,2.93,RU,2024-09-15
562,sargatskoye,55.6101,73.4972,4.18,76,4,3.13,RU,2024-09-15
563,rio largo,-9.4783,-35.8533,23.25,83,20,3.09,BR,2024-09-15
564,port saint john's,-31.6229,29.5448,20.02,81,85,2.76,ZA,2024-09-15
565,aral,40.5156,81.2636,21.27,31,70,1.34,CN,2024-09-15
566,krasnokholm,51.5979,54.1567,17.68,55,95,3.88,RU,2024-09-15
567,shubarkuduk,49.1447,56.4872,14.78,56,78,3.66,KZ,2024-09-15
568,teguise,29.0605,-13.564,20.12,73,20,4.12,ES,2024-09-15
569,nampula,-15.1165,39.2666,21.97,73,0,3.6,MZ,2024-09-15
570,brisas barra de suchiate,14.55,-92.2167,29.72,76,100,3.24,MX,2024-09-15
571,raja,8.4596,25.678,21.29,96,30,1.79,SS,2024-09-15
572,paradip garh,20.3167,86.6167,26.5,79,100,5.84,IN,2024-09-15
573,ntoum,0.3833,9.7833,25.09,88,96,1.91,GA,2024-09-15
574,cockburn town,21.4612,-71.1419,29.5,77,11,3.59,TC,2024-09-15
575,kuqa,41.7278,82.9364,20.75,33,68,1.56,CN,2024-09-15
576,juan griego,11.0817,-63.9655,32.07,62,100,7.72,VE,2024-09-15
577,ogoja,6.6547,8.7976,24.24,94,50,2.72,NG,2024-09-15
578,dadukou,26.5479,101.7054,21.42,94,100,1.15,CN,2024-09-15
579,natal,-5.795,-35.2094,25.36,73,20,6.17,BR,2024-09-15
580,iquique,-20.2208,-70.1431,16.87,81,18,2.68,CL,2024-09-15
581,alice springs,-23.7,133.8833,12.75,24,75,5.66,AU,2024-09-15
582,san patricio,28.017,-97.5169,29.97,86,100,3.36,US,2024-09-15
583,bikin,46.8161,134.26,9.29,91,86,1.85,RU,2024-09-15
584,huai khot,15.2909,99.6166,24.29,81,100,1.95,TH,2024-09-15
585,morehead city,34.7229,-76.726,26.11,82,100,5.14,US,2024-09-15
586,mahibadhoo,3.7833,72.9667,28.83,72,78,5.28,MV,2024-09-15
587,gazli,40.1333,63.45,20.6,21,37,3.5,UZ,2024-09-15
588,sikasso,10.9167,-7.0,23.31,93,94,2.77,ML,2024-09-15
589,saint peter,13.25,-59.6167,30.31,78,13,5.65,BB,2024-09-15
590,loiza,18.4313,-65.8802,31.12,76,100,3.79,PR,2024-09-15
591,kailua-kona,19.6406,-155.9956,30.15,65,20,4.12,US,2024-09-15
592,amqui,48.4638,-67.4313,19.91,72,66,1.48,CA,2024-09-15
593,quellon,-43.1167,-73.6167,9.03,78,100,2.59,CL,2024-09-15
594,itoman,26.1247,127.6694,29.49,89,40,5.14,JP,2024-09-15
595,ad dilam,23.9915,47.1627,31.33,18,3,2.7,SA,2024-09-15
596,seririt,-8.1928,114.9388,23.0,88,94,2.4,ID,2024-09-15
597,lorengau,-2.0226,147.2712,27.8,83,78,4.56,PG,2024-09-15
598,cabedelo,-6.9811,-34.8339,25.37,78,34,6.52,BR,2024-09-15
599,fereydun kenar,36.6864,52.5225,23.41,56,71,2.55,IR,2024-09-15
600,spanish wells,26.323,-81.7957,32.23,60,40,4.12,US,2024-09-15
601,kristiansund,63.1115,7.732,12.36,94,100,3.09,NO,2024-09-15
602,rio grande,-32.035,-52.0986,13.0,81,7,3.31,BR,2024-09-15
603,makhambet,47.6667,51.5833,21.07,34,62,5.38,KZ,2024-09-15
604,uige,-7.6087,15.0613,22.74,79,48,2.12,AO,2024-09-15
605,tazacorte,28.629,-17.9293,22.54,73,100,5.14,ES,2024-09-15
